,original_title,year_x,composer,time_stamp,type,volume,length,imdb_title_id,title,year_y,date_published,genre,duration,country,language,director,writer,production_company,actors,description,avg_vote,votes,budget,usa_gross_income,worlwide_gross_income,metascore,reviews_from_users,reviews_from_critics
55,10 Cloverfield Lane,2016,Bear McCreary,0:02:59,3-Feb,"1, 3b",2:59,tt1179933,10 Cloverfield Lane,2016,4/28/16,"Action, Drama, Horror",103,USA,English,Dan Trachtenberg,"Josh Campbell, Matthew Stuecken",Paramount Pictures,"John Goodman, Mary Elizabeth Winstead, John Gallagher Jr., Douglas M. Griffin, Suzanne Cryer, Bradley Cooper, Sumalee Montano, Frank Mottek","After getting in a car accident, a woman is held in a shelter with two men, who claim the outside world is affected by a widespread chemical attack.",7.2,283194,"$15,000,000 ","$72,082,998 ","$110,216,998 ",76,751,521
48,1BR,2019,Ronen Landa,0:27:00,3,4,,tt7541106,1BR,2019,4/24/20,"Drama, Horror, Thriller",90,USA,English,David Marmor,David Marmor,1BR Movie,"Nicole Brydon Bloom, Giles Matthey, Taylor Nichols, Alan Blumenfeld, Naomi Grossman, Celeste Sully, Susan Davis, Clayton Hoff, Earnestine Phillips, Hailey Giles, Andrea Gabriel, Hannah Altman, Curtis Webster, Jay Pennick, Andrew Carrillo","Sarah tries to start anew in LA, but her neighbours are not what they seem.",5.8,4936,,,,56,123,76
26,A Time to Kill,1996,Elliot Goldenthal,0:49:20,1,6,,tt0117913,Il momento di uccidere,1996,10/31/96,"Crime, Drama, Thriller",149,USA,English,Joel Schumacher,"John Grisham, Akiva Goldsman",Regency Enterprises,"Matthew McConaughey, Sandra Bullock, Samuel L. Jackson, Kevin Spacey, Oliver Platt, Charles S. Dutton, Brenda Fricker, Donald Sutherland, Kiefer Sutherland, Patrick McGoohan, Ashley Judd, Tonea Stewart, RaéVen Kelly, Darrin Mitchell, LaConte McGrew","In Canton, Mississippi, a fearless young lawyer and his assistant defend a black man accused of murdering two white men who raped his ten-year-old daughter, inciting violent retribution and revenge from the Ku Klux Klan.",7.5,128589,"$40,000,000 ","$108,766,007 ","$152,266,007 ",54,265,80
30,Alien,1979,Jerry Goldsmith,1:53:30,2,2,,tt0078748,Alien,1979,10/25/79,"Horror, Sci-Fi",117,"UK, USA",English,Ridley Scott,"Dan O'Bannon, Dan O'Bannon",Brandywine Productions,"Tom Skerritt, Sigourney Weaver, Veronica Cartwright, Harry Dean Stanton, John Hurt, Ian Holm, Yaphet Kotto, Bolaji Badejo, Helen Horton","After a space merchant vessel receives an unknown transmission as a distress call, one of the crew is attacked by a mysterious life form and they soon realize that its life cycle has merely begun.",8.4,768874,"$11,000,000 ","$81,765,459 ","$108,110,316 ",89,1448,464
70,Armageddon,1998,Trevor Rabin,0:24:57,2,6,,tt0120591,Armageddon - Giudizio finale,1998,9/4/98,"Action, Adventure, Sci-Fi",151,USA,"English, Russian, Indonesian",Michael Bay,"Jonathan Hensleigh, J.J. Abrams",Touchstone Pictures,"Bruce Willis, Billy Bob Thornton, Ben Affleck, Liv Tyler, Will Patton, Steve Buscemi, William Fichtner, Owen Wilson, Michael Clarke Duncan, Peter Stormare, Ken Hudson Campbell, Jessica Steen, Keith David, Chris Ellis, Jason Isaacs","After discovering that an asteroid the size of Texas is going to impact Earth in less than a month, NASA recruits a misfit team of deep-core drillers to save the planet.",6.7,389810,"$140,000,000 ","$201,578,182 ","$553,709,788 ",42,1228,171
75,Avengers: Infinity War,2018,Alan Silvestri,0:33:52,3,1,:31,tt4154756,Avengers: Infinity War,2018,4/25/18,"Action, Adventure, Sci-Fi",149,USA,English,"Anthony Russo, Joe Russo","Christopher Markus, Stephen McFeely",Marvel Studios,"Robert Downey Jr., Chris Hemsworth, Mark Ruffalo, Chris Evans, Scarlett Johansson, Don Cheadle, Benedict Cumberbatch, Tom Holland, Chadwick Boseman, Zoe Saldana, Karen Gillan, Tom Hiddleston, Paul Bettany, Elizabeth Olsen, Anthony Mackie",The Avengers and their allies must be willing to sacrifice all in an attempt to defeat the powerful Thanos before his blitz of devastation and ruin puts an end to the universe.,8.4,796486,"$321,000,000 ","$678,815,482 ","$2,048,359,754 ",68,4273,611
12,Batman Returns,1992,Danny Elfman,12:15:00,2,2,:17,tt0103776,Batman - Il ritorno,1992,9/11/92,"Action, Crime, Fantasy",126,"USA, UK",English,Tim Burton,"Bob Kane, Daniel Waters",Warner Bros.,"Michael Keaton, Danny DeVito, Michelle Pfeiffer, Christopher Walken, Michael Gough, Michael Murphy, Cristi Conaway, Andrew Bryniarski, Pat Hingle, Vincent Schiavelli, Steve Witting, Jan Hooks, John Strong, Rick Zumwalt, Anna Katarina",Batman returns to the big screen when a deformed man calling himself the Penguin wreaks havoc across Gotham with the help of a cruel businessman.,7,269035,"$80,000,000 ","$162,902,340 ","$266,903,053 ",68,682,186
86,Batman: Mask of the Phantasm,1993,Shirley Walker,0:02:00,2,6,,tt0106364,Batman - La maschera del fantasma,1993,12/25/93,"Animation, Action, Crime",76,USA,English,"Kevin Altieri, Boyd Kirkland","Alan Burnett, Alan Burnett",Warner Bros. Animation,"Kevin Conroy, Dana Delany, Hart Bochner, Stacy Keach, Abe Vigoda, Dick Miller, John P. Ryan, Efrem Zimbalist Jr., Bob Hastings, Robert Costanzo, Mark Hamill, Jane Downs, Pat Musick, Vernee Watson, Ed Gilbert",Batman is wrongly implicated in a series of murders of mob bosses actually done by a new vigilante assassin.,7.8,42411,"$6,000,000 ","$5,635,204 ","$5,635,204 ",,178,70
60,Beauty and the Beast,1991,Alan Menken,,2b,3a,,tt0101414,La bella e la bestia,1991,12/4/92,"Animation, Family, Fantasy",84,USA,"English, French","Gary Trousdale, Kirk Wise","Linda Woolverton, Brenda Chapman",Walt Disney Pictures,"Robby Benson, Jesse Corti, Rex Everhart, Angela Lansbury, Paige O'Hara, Jerry Orbach, Bradley Pierce, David Ogden Stiers, Richard White, Jo Anne Worley, Mary Kay Bergman, Brian Cummings, Alvin Epstein, Tony Jay, Alec Murphy",A prince cursed to spend his days as a hideous monster sets out to regain his humanity by earning a young woman's love.,8,410499,"$25,000,000 ","$218,967,620 ","$440,118,382 ",95,437,212
6,Big Trouble in Little China,1986,John Carpenter,0:11:11,2b,1,:45,tt0090728,Grosso guaio a Chinatown,1986,9/5/86,"Action, Adventure, Comedy",99,USA,"English, Cantonese",John Carpenter,"Gary Goldman, David Z. Weinstein",Twentieth Century Fox,"Kurt Russell, Kim Cattrall, Dennis Dun, James Hong, Victor Wong, Kate Burton, Donald Li, Carter Wong, Peter Kwong, James Pax, Suzee Pai, Chao Li Chi, Jeff Imada, Rummel Mor, Craig Ng",A rough-and-tumble trucker helps rescue his friend's fiancée from an ancient sorcerer in a supernatural battle beneath Chinatown.,7.3,120764,"$25,000,000 ","$11,100,000 ","$11,100,374 ",53,397,223
54,Colossal,2016,Bear McCreary,1:38:11,3,1,1:28:00,tt4680182,Colossal,2016,4/21/17,"Comedy, Drama, Fantasy",109,"Canada, USA, Spain, South Korea","English, Korean",Nacho Vigalondo,Nacho Vigalondo,Toy Fight Productions,"Anne Hathaway, Jason Sudeikis, Austin Stowell, Tim Blake Nelson, Dan Stevens, Hannah Cheramy, Nathan Ellison, Sarah Surh, Haeun Hannah Cho, Carlos Joe Costa, Melissa M. Montgomery, Christine Lee, Rukiya Bernard, James Yi, Alyssa Dawson","Gloria is an out-of-work party girl forced to leave her life in New York City and move back home. When reports surface that a giant creature is destroying Seoul, she gradually comes to the realization that she is somehow connected to this phenomenon.",6.2,57332,"$15,000,000 ","$3,029,287 ","$4,531,320 ",70,321,315
68,Conan the Barbarian,1982,Basil Poledouris,1:51:13,1,4,,tt0082198,Conan il barbaro,1982,9/10/82,"Action, Adventure, Fantasy",129,"USA, Spain, Mexico",English,John Milius,"Robert E. Howard, John Milius",Universal Pictures,"Arnold Schwarzenegger, James Earl Jones, Max von Sydow, Sandahl Bergman, Ben Davidson, Cassandra Gava, Gerry Lopez, Mako, Valérie Quennessen, William Smith, Luis Barboo, Franco Columbu, Leslie Foldvary, Gary Herman, Erik Holmey","A young boy, Conan, becomes a slave after his parents are killed and tribe destroyed by a savage warlord and sorcerer, Thulsa Doom. When he grows up he becomes a fearless, invincible fighter. Set free, he plots revenge against Thulsa Doom.",6.9,135134,"$20,000,000 ","$39,565,475 ","$68,851,475 ",43,404,192
85,Crimson Peak,2015,Fernando Velazquez,0:40:42,2,"1, 3b",:58,tt2554274,Crimson Peak,2015,10/22/15,"Drama, Fantasy, Horror",119,"Canada, USA, Mexico",English,Guillermo del Toro,"Guillermo del Toro, Matthew Robbins",Double Dare You (DDY),"Mia Wasikowska, Jessica Chastain, Tom Hiddleston, Charlie Hunnam, Jim Beaver, Burn Gorman, Leslie Hope, Doug Jones, Jonathan Hyde, Bruce Gray, Emily Coutts, Alec Stockwell, Brigitte Robinson, Gillian Ferrier, Tamara Hope","In the aftermath of a family tragedy, an aspiring author is torn between love for her childhood friend and the temptation of a mysterious outsider. Trying to escape the ghosts of her past, she is swept away to a house that breathes, bleeds - and remembers.",6.5,126982,"$55,000,000 ","$31,090,320 ","$74,679,822 ",66,447,463
96,Crimson Tide,1995,Hans Zimmer,1:30:00,1,4,,tt0112740,Allarme rosso,1995,9/14/95,"Action, Drama, Thriller",116,USA,English,Tony Scott,"Michael Schiffer, Richard P. Henrick",Hollywood Pictures,"Denzel Washington, Gene Hackman, Matt Craven, George Dzundza, Viggo Mortensen, James Gandolfini, Rocky Carroll, Jaime Gomez, Michael Milhoan, Scott Burkholder, Danny Nucci, Lillo Brancato, Eric Bruskotter, Ricky Schroder, Steve Zahn","On a U.S. nuclear missile sub, a young First Officer stages a mutiny to prevent his trigger happy Captain from launching his missiles before confirming his orders to do so.",7.3,99265,"$53,000,000 ","$91,387,195 ","$157,387,195 ",66,217,84
72,Day of Wrath,1943,Poul Schierbeck,0:00:00,1,6,,tt0353357,Il giorno dell'ira,2006,6/8/06,"Action, Adventure, Crime",109,"UK, Hungary",English,Adrian Rudomin,Adrian Rudomin,Azucar Entertainment,"Christopher Lambert, Blanca Marsillach, Brian Blessed, Szonja Oroszlán, James Faulkner, Ben O'Brien, Phyllida Law, Lukács Bicskey, Géza Schramek, John Rado, Benjamin Thiel, Joshua Brownwood, Rebeka Kárpáti, Fruzsina Fridel, Viorel Paunescu","Set in the 16th century, a sheriff working on a series of murders has to choose between his conscience and protecting his family when he's tied to the crimes.",5.5,1738,"$12,000,000 ",,,,25,8
25,Demolition Man,1993,Elliot Goldenthal,0:00:27,1,"2, 3b",1,tt0106697,Demolition Man,1993,1/21/94,"Action, Sci-Fi, Thriller",115,USA,English,Marco Brambilla,"Peter M. Lenkov, Robert Reneau",Warner Bros.,"Sylvester Stallone, Wesley Snipes, Sandra Bullock, Nigel Hawthorne, Benjamin Bratt, Bob Gunton, Glenn Shadix, Denis Leary, Grand L. Bush, Pat Skipper, Steve Kahan, Paul Bollen, Mark Colson, Andre Gregory, John Enos III",A police officer is brought out of suspended animation in prison to pursue an old ultra-violent nemesis who is loose in a non-violent future society.,6.7,155477,"$57,000,000 ","$58,055,768 ","$58,055,768 ",34,278,114
0,Doctor Strange,2016,Michael Giacchino,1:35:36,2,6,,tt1211837,Doctor Strange,2016,10/26/16,"Action, Adventure, Fantasy",115,USA,English,Scott Derrickson,"Jon Spaihts, Scott Derrickson",Marvel Studios,"Benedict Cumberbatch, Chiwetel Ejiofor, Rachel McAdams, Benedict Wong, Mads Mikkelsen, Tilda Swinton, Michael Stuhlbarg, Benjamin Bratt, Scott Adkins, Zara Phythian, Alaa Safi, Katrina Durden, Topo Wresniwiro, Umit Ulgen, Linda Louise Duan","While on a journey of physical and spiritual healing, a brilliant neurosurgeon is drawn into the world of the mystic arts.",7.5,578675,"$165,000,000 ","$232,641,920 ","$677,718,395 ",72,961,584
56,Eli,2019,Bear McCreary,1:19:52,1,4,,tt5294518,Eli,2019,10/18/19,"Drama, Horror, Mystery",98,USA,English,Ciarán Foy,"David Chirchirillo, Ian Goldberg",Intrepid Pictures,"Charlie Shotwell, Kelly Reilly, Max Martini, Lili Taylor, Sadie Sink, Deneen Tyler, Katia Gomez, Austin Foxx, Kailia Posey, Parker Lovein, Lou Beatty Jr., Jared Bankens, Nathaniel Woolsey, Mitchell de Rubira, Kaleb Naquin",A boy receiving treatment for his auto-immune disorder discovers that the house he's living in isn't as safe as he thought.,5.7,26539,,,,,549,47
9,End of Days,1999,John Debney,0:00:00,1,3b,,tt0146675,Giorni contati,1999,11/26/99,"Action, Fantasy, Horror",122,USA,"English, Latin",Peter Hyams,Andrew W. Marlowe,Beacon Communications,"Arnold Schwarzenegger, Gabriel Byrne, Robin Tunney, Kevin Pollak, CCH Pounder, Derrick O'Connor, David Weisenberg, Rainer Judd, Miriam Margolyes, Udo Kier, Luciano Miele, Michael O'Hagan, Mark Margolis, Jack Shearer, Rod Steiger","At the end of the century, Satan visits New York in search of a bride. It's up to an ex-cop who now runs an elite security outfit to stop him.",5.8,104266,"$100,000,000 ","$66,889,043 ","$211,989,043 ",33,541,171
57,Fantasy Island,2020,Bear McCreary,1:18:13,3,4,,tt0983946,Fantasy Island,2020,2/13/20,"Action, Adventure, Fantasy",109,USA,English,Jeff Wadlow,"Jillian Jacobs, Christopher Roach",Columbia Pictures,"Michael Peña, Maggie Q, Lucy Hale, Austin Stowell, Jimmy O. Yang, Portia Doubleday, Ryan Hansen, Michael Rooker, Parisa Fitz-Henley, Mike Vogel, Kim Coates, Robbie Jones, Jeriya Benn, Charlotte McKinney, Josh McConville","When the owner and operator of a luxurious island invites a collection of guests to live out their most elaborate fantasies in relative seclusion, chaos quickly descends.",4.9,26823,"$7,000,000 ","$26,441,782 ","$47,315,959 ",22,635,154
38,Friday the 13th Part VII: The New Blood,1988,Henry Manfredini,0:15:03,2-Jan,F13,,tt0095179,Venerdì 13: parte VII - Il sangue scorre di nuovo,1988,5/13/88,"Horror, Thriller",88,USA,English,John Carl Buechler,"Daryl Haney, Manuel Fidello",Paramount Pictures,"Jennifer Banko, John Otrin, Susan Blu, Lar Park-Lincoln, Terry Kiser, Kevin Spirtas, Susan Jennifer Sullivan, Heidi Kozak Haddad, Kane Hodder, William Butler, Staci Greason, Larry Cox, Jeff Bennett, Diana Barrows, Elizabeth Kaitan","Years after Tommy Jarvis chained him underwater at Camp Crystal Lake, the dormant Jason Voorhees is accidentally released from his prison by a telekinetic teenager. Now, only she can stop him.",5.3,31461,"$2,800,000 ","$19,170,001 ","$19,170,001 ",13,305,147
37,Friday the 13th: A New Beginning,1985,Henry Manfredini,0:01:59,2,F13,,tt0089173,Venerdì 13: il terrore continua,1985,8/14/86,"Horror, Mystery, Thriller",92,USA,English,Danny Steinmann,"Martin Kitrosser, David Cohen",Georgetown Productions Inc.,"Anthony Barrile, Suzanne Bateman, Dominick Brascia, Todd Bryant, Curtis Conaway, Juliette Cummins, Bob DeSimone, John Robert Dixon, Corey Feldman, Jere Fields, Tiffany Helm, Melanie Kinnaman, Richard Lineback, Carol Locatell, Ric Mancini","Still haunted by his past, Tommy Jarvis - who, as a child, killed Jason Voorhees - wonders if the serial killer is connected to a series of brutal murders occurring in and around the secluded halfway house where he now lives.",4.8,32655,"$2,200,000 ","$21,930,418 ","$21,930,418 ",16,390,152
18,From Beyond the Grave,1974,Douglas Gamley,0:00:38,1,3b,,tt0070078,La bottega che vendeva la morte,1974,6/1/74,"Fantasy, Horror",98,UK,English,Kevin Connor,"Robin Clarke, Raymond Christodoulou",Amicus Productions,"Ian Bannen, Ian Carmichael, Peter Cushing, Diana Dors, Margaret Leighton, Donald Pleasence, Nyree Dawn Porter, David Warner, Ian Ogilvy, Lesley-Anne Down, Jack Watson, Angela Pleasence, Wendy Allnutt, Rosalind Ayres, Tommy Godfrey",An anthology of four short horror stories revolving around a British antique shop and its mysterious owner.,6.7,3845,,,,,58,43
3,Frozen II,2019,Christophe Beck,0:16:40,,"2, 3a",2,tt4520988,Frozen II - Il segreto di Arendelle,2019,11/27/19,"Animation, Adventure, Comedy",103,USA,English,"Chris Buck, Jennifer Lee","Jennifer Lee, Hans Christian Andersen",Walt Disney Animation Studios,"Kristen Bell, Idina Menzel, Josh Gad, Jonathan Groff, Sterling K. Brown, Evan Rachel Wood, Alfred Molina, Martha Plimpton, Jason Ritter, Rachel Matthews, Jeremy Sisto, Ciarán Hinds, Alan Tudyk, Hadley Gannaway, Mattea Conforti","Anna, Elsa, Kristoff, Olaf and Sven leave Arendelle to travel to an ancient, autumn-bound forest of an enchanted land. They set out to find the origin of Elsa's powers in order to save their kingdom.",6.9,122760,"$150,000,000 ","$477,373,578 ","$1,450,026,933 ",64,1302,275
39,Garden of Evil,1954,Bernard Herrmann,0:28:00,1,6,,tt0047013,Il prigioniero della miniera,1954,12/3/54,"Action, Adventure, Drama",100,USA,"English, Spanish",Henry Hathaway,"Frank Fenton, Fred Freiberger",Twentieth Century Fox,"Gary Cooper, Susan Hayward, Richard Widmark, Hugh Marlowe, Cameron Mitchell, Rita Moreno, Víctor Manuel Mendoza",A trio of American adventurers marooned in rural Mexico are recruited by a beautiful woman to rescue her husband trapped in a cave in Apache territory.,6.7,2980,"$2,070,000 ",,,,65,26
100,Gladiator,2000,Hans Zimmer,2:29:00,1,5,,tt0172495,Il gladiatore,2000,5/19/00,"Action, Adventure, Drama",155,"USA, UK, Malta, Morocco",English,Ridley Scott,"David Franzoni, David Franzoni",DreamWorks,"Russell Crowe, Joaquin Phoenix, Connie Nielsen, Oliver Reed, Richard Harris, Derek Jacobi, Djimon Hounsou, David Schofield, John Shrapnel, Tomas Arana, Ralf Moeller, Spencer Treat Clark, David Hemmings, Tommy Flanagan, Sven-Ole Thorsen",A former Roman General sets out to exact vengeance against the corrupt emperor who murdered his family and sent him into slavery.,8.5,1308193,"$103,000,000 ","$187,705,427 ","$465,361,176 ",67,2653,213
33,Gremlins 2: The New Batch,1990,Jerry Goldsmith,1:34:48,,2,1,tt0099700,Gremlins 2 - La nuova stirpe,1990,7/13/90,"Comedy, Fantasy, Horror",106,USA,English,"Joe Dante, Chuck Jones","Chris Columbus, Charles S. Haas",Warner Bros.,"Zach Galligan, Phoebe Cates, John Glover, Robert Prosky, Robert Picardo, Christopher Lee, Haviland Morris, Dick Miller, Jackie Joseph, Gedde Watanabe, Keye Luke, Kathleen Freeman, Don Stanton, Dan Stanton, Shawn Nelson","The Gremlins are back, and this time, they've taken control of a New York City media mogul's high-tech skyscraper.",6.4,90688,"$50,000,000 ","$41,482,207 ","$41,482,207 ",,181,112
17,Groundhog Day,1993,George Fenton,,,2,2b,tt0107048,Ricomincio da capo,1993,4/8/93,"Comedy, Fantasy, Romance",101,USA,"English, French, Italian",Harold Ramis,"Danny Rubin, Harold Ramis",Columbia Pictures,"Bill Murray, Andie MacDowell, Chris Elliott, Stephen Tobolowsky, Brian Doyle-Murray, Marita Geraghty, Angela Paton, Rick Ducommun, Rick Overton, Robin Duke, Carol Bivins, Willie Garson, Ken Hudson Campbell, Les Podewell, Rod Sell",A weatherman finds himself inexplicably living the same day over and over again.,8,569359,"$14,600,000 ","$70,906,973 ","$70,906,973 ",72,778,129
90,Harry Potter and the Chamber of Secrets,2002,John Williams,1:49:15,3,1,:32,tt0295297,Harry Potter e la camera dei segreti,2002,12/6/02,"Adventure, Family, Fantasy",161,"UK, USA, Germany",English,Chris Columbus,"J.K. Rowling, Steve Kloves",Warner Bros.,"Daniel Radcliffe, Rupert Grint, Emma Watson, Richard Griffiths, Fiona Shaw, Harry Melling, Toby Jones, Jim Norton, Veronica Clifford, James Phelps, Oliver Phelps, Julie Walters, Bonnie Wright, Mark Williams, Chris Rankin",An ancient prophecy seems to be coming true when a mysterious presence begins stalking the corridors of a school of magic and leaving its victims paralyzed.,7.4,535906,"$100,000,000 ","$262,450,136 ","$879,569,371 ",63,936,239
10,Harry Potter and the Deathly Hallows: Part 2,2011,Alexandre Desplat,0:55:00,3,5,,tt1201607,Harry Potter e i Doni della Morte - Parte 2,2011,7/13/11,"Adventure, Drama, Fantasy",130,"UK, USA",English,David Yates,"Steve Kloves, J.K. Rowling",Warner Bros.,"Ralph Fiennes, Michael Gambon, Alan Rickman, Daniel Radcliffe, Rupert Grint, Emma Watson, Evanna Lynch, Domhnall Gleeson, Clémence Poésy, Warwick Davis, John Hurt, Helena Bonham Carter, Graham Duff, Anthony Allgood, Rusty Goffe","Harry, Ron, and Hermione search for Voldemort's remaining Horcruxes in their effort to destroy the Dark Lord as the final battle rages on at Hogwarts.",8.1,743339,"$125,000,000 ","$381,409,310 ","$1,342,166,497 ",85,959,486
88,Home Alone,1990,John Williams,0:06:58,2,1,:06,tt0099785,"Mamma, ho perso l'aereo",1990,1/18/91,"Comedy, Family",103,USA,English,Chris Columbus,John Hughes,Hughes Entertainment,"Macaulay Culkin, Joe Pesci, Daniel Stern, John Heard, Roberts Blossom, Catherine O'Hara, Angela Goethals, Devin Ratray, Gerry Bamman, Hillary Wolf, John Candy, Larry Hankin, Michael C. Maronna, Kristin Minter, Diana Rein",An eight-year-old troublemaker must protect his house from a pair of burglars when he is accidentally left home alone by his family during Christmas vacation.,7.6,451566,"$18,000,000 ","$285,761,243 ","$477,063,114 ",63,422,135
83,I Confess,1953,Dmitri Tiomkin,0:01:55,1,6,,tt0045897,Io confesso,1953,11/14/53,"Crime, Drama, Thriller",95,"USA, Canada","English, French, Italian, German",Alfred Hitchcock,"George Tabori, William Archibald",Warner Bros.,"Montgomery Clift, Anne Baxter, Karl Malden, Brian Aherne, O.E. Hasse, Roger Dann, Dolly Haas, Charles Andre","A priest, who comes under suspicion for murder, cannot clear his name without breaking the seal of the confessional.",7.3,18637,,"$2,000,000 ",,,124,83
92,Indiana Jones and the Kingdom of the Crystal Skull,2008,John Williams,0:04:18,2,1,:17,tt0367882,Indiana Jones e il regno del teschio di cristallo,2008,5/23/08,"Action, Adventure",122,USA,"English, German, Russian",Steven Spielberg,"David Koepp, George Lucas",Paramount Pictures,"Harrison Ford, Cate Blanchett, Karen Allen, Shia LaBeouf, Ray Winstone, John Hurt, Jim Broadbent, Igor Jijikine, Dimitri Diatchenko, Ilia Volok, Emmanuel Todorov, Pasha D. Lychnikoff, Andrew Divoff, Venya Manzyuk, Alan Dale","In 1957, archaeologist and adventurer Dr. Henry ""Indiana"" Jones, Jr. is called back into action and becomes entangled in a Soviet plot to uncover the secret behind mysterious artifacts known as the Crystal Skulls.",6.1,417120,"$185,000,000 ","$317,101,119 ","$790,653,942 ",65,2173,470
84,Iron Man Three,2013,Brian Tyler,0:24:41,,1,:39,tt1300854,Iron Man 3,2013,4/24/13,"Action, Adventure, Sci-Fi",130,USA,English,Shane Black,"Drew Pearce, Shane Black",Marvel Studios,"Robert Downey Jr., Gwyneth Paltrow, Don Cheadle, Guy Pearce, Rebecca Hall, Jon Favreau, Ben Kingsley, James Badge Dale, Stephanie Szostak, Paul Bettany, William Sadler, Dale Dickey, Ty Simpkins, Miguel Ferrer, Xueqi Wang","When Tony Stark's world is torn apart by a formidable terrorist called the Mandarin, he starts an odyssey of rebuilding and retribution.",7.2,739816,"$200,000,000 ","$409,013,994 ","$1,214,811,252 ",62,1322,643
82,It's a Wonderful Life,1946,Dmitri Tiomkin,,3-Jan,1,:34,tt0038650,La vita è meravigliosa,1946,3/11/48,"Drama, Family, Fantasy",130,USA,"English, French",Frank Capra,"Frances Goodrich, Albert Hackett",Liberty Films (II),"James Stewart, Donna Reed, Lionel Barrymore, Thomas Mitchell, Henry Travers, Beulah Bondi, Frank Faylen, Ward Bond, Gloria Grahame, H.B. Warner, Frank Albertson, Todd Karns, Samuel S. Hinds, Mary Treen, Virginia Patton",An angel is sent from Heaven to help a desperately frustrated businessman by showing him what life would have been like if he had never existed.,8.6,388310,"$3,180,000 ",,"$6,130,720 ",89,948,177
89,Jurassic Park,1993,John Williams,"01:18:30, 01:41:57",3,1,:49,tt0107290,Jurassic Park,1993,9/17/93,"Action, Adventure, Sci-Fi",127,USA,"English, Spanish",Steven Spielberg,"Michael Crichton, Michael Crichton",Universal Pictures,"Sam Neill, Laura Dern, Jeff Goldblum, Richard Attenborough, Bob Peck, Martin Ferrero, BD Wong, Joseph Mazzello, Ariana Richards, Samuel L. Jackson, Wayne Knight, Gerald R. Molen, Miguel Sandoval, Cameron Thor, Christopher John Fields",A pragmatic paleontologist visiting an almost complete theme park is tasked with protecting a couple of kids after a power failure causes the park's cloned dinosaurs to run loose.,8.1,846021,"$63,000,000 ","$404,214,720 ","$1,033,758,854 ",68,1157,350
16,Justice League,2017,Danny Elfman,0:25:25,3,5,,tt0974015,Justice League,2017,11/16/17,"Action, Adventure, Fantasy",120,"USA, Canada, UK","English, Irish, Russian, Icelandic",Zack Snyder,"Jerry Siegel, Joe Shuster",Warner Bros.,"Ben Affleck, Henry Cavill, Amy Adams, Gal Gadot, Ezra Miller, Jason Momoa, Ray Fisher, Jeremy Irons, Diane Lane, Connie Nielsen, J.K. Simmons, Ciarán Hinds, Amber Heard, Joe Morton, Lisa Loven Kongsli","Fueled by his restored faith in humanity and inspired by Superman's selfless act, Bruce Wayne enlists the help of his new-found ally, Diana Prince, to face an even greater enemy.",6.3,371025,"$300,000,000 ","$229,024,295 ","$681,871,991 ",45,2013,463
78,Legend,1985,Tangerine Dream,0:21:14,2,5,,tt0089469,Legend,1985,4/18/86,"Adventure, Fantasy, Romance",94,USA,"English, Italian",Ridley Scott,William Hjortsberg,Legend Production Company,"Tom Cruise, Mia Sara, Tim Curry, David Bennent, Alice Playten, Billy Barty, Cork Hubbert, Peter O'Farrell, Kiran Shah, Annabelle Lanyon, Robert Picardo, Tina Martin, Ian Longmur, Michael Crane, Liz Gilbert",A young man must stop the Lord of Darkness from destroying daylight and marrying the woman he loves.,6.5,58567,"$24,500,000 ","$15,502,112 ","$15,502,112 ",30,325,129
14,Mars Attacks!,1996,Danny Elfman,0:02:41,3,"1, 3b",:20,tt0116996,Mars Attacks!,1996,3/7/97,"Comedy, Sci-Fi",106,USA,"English, French",Tim Burton,"Len Brown, Woody Gelman",Tim Burton Productions,"Jack Nicholson, Glenn Close, Annette Bening, Pierce Brosnan, Danny DeVito, Martin Short, Sarah Jessica Parker, Michael J. Fox, Rod Steiger, Tom Jones, Lukas Haas, Natalie Portman, Jim Brown, Lisa Marie, Sylvia Sidney",Earth is invaded by Martians with unbeatable weapons and a cruel sense of humor.,6.3,206535,"$70,000,000 ","$37,771,017 ","$101,371,017 ",52,448,141
46,Metropolis,1927,Gottfried Huppertz,0:32:34,3,1,:27,tt0017136,Metropolis,1927,10/1/28,"Drama, Sci-Fi",153,Germany,German,Fritz Lang,"Thea von Harbou, Thea von Harbou",Universum Film (UFA),"Alfred Abel, Gustav Fröhlich, Rudolf Klein-Rogge, Fritz Rasp, Theodor Loos, Erwin Biswanger, Heinrich George, Brigitte Helm","In a futuristic city sharply divided between the working class and the city planners, the son of the city's mastermind falls in love with a working class prophet who predicts the coming of a savior to mediate their differences.",8.3,156076,DEM 6000000,"$1,236,166 ","$1,349,711 ",98,495,208
24,Mishima: A Life in Four Chapters,1985,Phillip Glass,,3,4,,tt0089603,Mishima: Una vita in quattro capitoli,1985,9/20/85,"Biography, Drama",120,"USA, Japan","Japanese, English",Paul Schrader,"Paul Schrader, Leonard Schrader",Zoetrope Studios,"Ken Ogata, Masayuki Shionoya, Hiroshi Mikami, Junya Fukuda, Shigeto Tachihara, Junkichi Orimoto, Naoko Ôtani, Gô Rijû, Masato Aizawa, Yuki Nagahara, Kyûzô Kobayashi, Yuki Kitazume, Haruko Katô, Yasosuke Bando, Hisako Manda",A fictionalized account in four chapters of the life of celebrated Japanese writer,8,8630,"$5,000,000 ","$437,547 ","$569,996 ",81,38,85
19,Mission: Impossible - Ghost Protocol,2011,Michael Giacchino,0:29:59,3b,,:13,tt1229238,Mission: Impossible - Protocollo fantasma,2011,1/27/12,"Action, Adventure, Thriller",132,"USA, United Arab Emirates, Czech Republic, India, Canada","English, Russian, French, Arabic, Swedish",Brad Bird,"Bruce Geller, Josh Appelbaum",Paramount Pictures,"Tom Cruise, Paula Patton, Simon Pegg, Jeremy Renner, Michael Nyqvist, Vladimir Mashkov, Samuli Edelmann, Ivan Shvedoff, Anil Kapoor, Léa Seydoux, Josh Holloway, Pavel Kríz, Miraj Grbic, Ilia Volok, Goran Navojec","The IMF is shut down when it's implicated in the bombing of the Kremlin, causing Ethan Hunt and his new team to go rogue to clear their organization's name.",7.4,449833,"$145,000,000 ","$209,397,903 ","$694,713,380 ",73,582,459
34,Mulan,1998,Jerry Goldsmith,0:55:54,2,3a,,tt0120762,Mulan,1998,12/4/98,"Animation, Adventure, Family",88,USA,"English, Mandarin","Tony Bancroft, Barry Cook","Robert D. San Souci, Rita Hsiao",Walt Disney Animation Studios,"Miguel Ferrer, Harvey Fierstein, Freda Foh Shen, June Foray, James Hong, Miriam Margolyes, Pat Morita, Eddie Murphy, Marni Nixon, Soon-Tek Oh, Donny Osmond, Lea Salonga, James Shigeta, George Takei, Jerry Tondo","To save her father from death in the army, a young maiden secretly goes in his place and becomes one of China's greatest heroines in the process.",7.6,244506,"$90,000,000 ","$120,620,254 ","$304,320,254 ",71,321,142
7,Onward,2020,"Jeff Danna, Mychael Danna",1:06:00,,"2, 3a",2,tt7146812,Onward - Oltre la magia,2020,8/19/20,"Animation, Adventure, Comedy",102,USA,English,Dan Scanlon,"Dan Scanlon, Keith Bunin",Walt Disney Pictures,"Tom Holland, Chris Pratt, Julia Louis-Dreyfus, Octavia Spencer, Mel Rodriguez, Kyle Bornheimer, Lena Waithe, Ali Wong, Grey Griffin, Tracey Ullman, Wilmer Valderrama, George Psarras, John Ratzenberger",Two elven brothers embark on a quest to bring their father back for one day.,7.4,76905,,"$61,555,145 ","$136,037,267 ",61,617,296
98,Pirates of the Caribbean: At World's End,2007,Hans Zimmer,2:34:00,3,4,,tt0449088,Pirati dei Caraibi - Ai confini del mondo,2007,5/23/07,"Action, Adventure, Fantasy",169,USA,English,Gore Verbinski,"Ted Elliott, Terry Rossio",Walt Disney Pictures,"Johnny Depp, Geoffrey Rush, Orlando Bloom, Keira Knightley, Jack Davenport, Bill Nighy, Jonathan Pryce, Lee Arenberg, Mackenzie Crook, Kevin McNally, David Bailie, Stellan Skarsgård, Tom Hollander, Naomie Harris, Martin Klebba","Captain Barbossa, Will Turner and Elizabeth Swann must sail off the edge of the map, navigate treachery and betrayal, find Jack Sparrow, and make their final alliances for one last decisive battle.",7.1,585229,"$300,000,000 ","$309,420,425 ","$960,996,492 ",50,1296,327
94,Pirates of the Caribbean: Dead Men Tell No Tales,2017,Geoff Zanelli,0:10:30,3-Feb,1,:10,tt1790809,Pirati dei Caraibi - La vendetta di Salazar,2017,5/24/17,"Action, Adventure, Fantasy",129,"USA, Australia, UK, Canada","English, Spanish","Joachim Rønning, Espen Sandberg","Jeff Nathanson, Jeff Nathanson",Walt Disney Pictures,"Johnny Depp, Javier Bardem, Geoffrey Rush, Brenton Thwaites, Kaya Scodelario, Kevin McNally, Golshifteh Farahani, David Wenham, Stephen Graham, Angus Barnett, Martin Klebba, Adam Brown, Giles New, Orlando Bloom, Keira Knightley",Captain Jack Sparrow is pursued by old rival Captain Salazar and a crew of deadly ghosts who have escaped from the Devil's Triangle. They're determined to kill every pirate at sea...notably Jack.,6.6,254613,"$230,000,000 ","$172,558,876 ","$794,878,815 ",39,650,413
99,Pirates of the Caribbean: On Stranger Tides,2011,Hans Zimmer,1:55:00,1,4,,tt1298650,Pirati dei Caraibi - Oltre i confini del mare,2011,5/18/11,"Action, Adventure, Fantasy",137,"USA, UK","English, Spanish",Rob Marshall,"Ted Elliott, Terry Rossio",Walt Disney Pictures,"Johnny Depp, Penélope Cruz, Geoffrey Rush, Ian McShane, Kevin McNally, Sam Claflin, Astrid Bergès-Frisbey, Stephen Graham, Keith Richards, Richard Griffiths, Greg Ellis, Damian O'Hare, Óscar Jaenada, Anton Lesser, Roger Allam","Jack Sparrow and Barbossa embark on a quest to find the elusive fountain of youth, only to discover that Blackbeard and his daughter are after it too.",6.6,472435,"$250,000,000 ","$241,071,802 ","$1,045,713,802 ",45,536,468
31,Poltergeist,1982,Jerry Goldsmith,1:44:01,,2,2,tt0084516,Poltergeist - Demoniache presenze,1982,11/11/82,"Horror, Thriller",114,USA,English,Tobe Hooper,"Steven Spielberg, Michael Grais",Metro-Goldwyn-Mayer (MGM),"Craig T. Nelson, JoBeth Williams, Beatrice Straight, Dominique Dunne, Oliver Robins, Heather O'Rourke, Michael McManus, Virginia Kiser, Martin Casella, Richard Lawson, Zelda Rubinstein, James Karen, Lou Perryman, Clair E. Leucart, Dirk Blocker",A family's home is haunted by a host of demonic ghosts.,7.3,139180,"$10,700,000 ","$77,142,388 ","$77,142,388 ",79,401,253
74,Predator,1987,Alan Silvestri,1:15:00,2b,5,,tt0093773,Predator,1987,8/22/87,"Action, Adventure, Sci-Fi",107,"USA, Mexico","English, Spanish, Russian",John McTiernan,"Jim Thomas, John Thomas",Twentieth Century Fox,"Arnold Schwarzenegger, Carl Weathers, Elpidia Carrillo, Bill Duke, Jesse Ventura, Sonny Landham, Richard Chaves, R.G. Armstrong, Shane Black, Kevin Peter Hall",A team of commandos on a mission in a Central American jungle find themselves hunted by an extraterrestrial warrior.,7.8,364725,"$15,000,000 ","$59,735,548 ","$98,399,956 ",45,795,268
40,Psycho,1960,Bernard Herrmann,0:11:50,3,5,,tt0054215,Psyco,1960,10/28/60,"Horror, Mystery, Thriller",109,USA,English,Alfred Hitchcock,"Joseph Stefano, Robert Bloch",Shamley Productions,"Anthony Perkins, Vera Miles, John Gavin, Janet Leigh, Martin Balsam, John McIntire, Simon Oakland, Frank Albertson, Patricia Hitchcock, Vaughn Taylor, Lurene Tuttle, John Anderson, Mort Mills","A Phoenix secretary embezzles $40,000 from her employer's client, goes on the run, and checks into a remote motel run by a young man under the domination of his mother.",8.5,586765,"$806,947 ","$32,000,000 ","$32,008,644 ",97,1284,236
76,Ready Player One,2018,Alan Silvestri,0:57:51,,2,1,tt1677720,Ready Player One,2018,3/28/18,"Action, Adventure, Sci-Fi",140,"USA, India",English,Steven Spielberg,"Zak Penn, Ernest Cline",Warner Bros.,"Tye Sheridan, Olivia Cooke, Ben Mendelsohn, Lena Waithe, T.J. Miller, Simon Pegg, Mark Rylance, Philip Zhao, Win Morisaki, Hannah John-Kamen, Ralph Ineson, Susan Lynch, Clare Higgins, Laurence Spellman, Perdita Weeks","When the creator of a virtual reality called the OASIS dies, he makes a posthumous challenge to all OASIS users to find his Easter Egg, which will give the finder his fortune and control of his world.",7.5,353913,"$175,000,000 ","$137,690,172 ","$582,893,671 ",64,2009,582
20,Rogue One,2016,Michael Giacchino,"01:12:48, 01:50:57",2,1,":5, :32",tt3748528,Rogue One: A Star Wars Story,2016,12/15/16,"Action, Adventure, Sci-Fi",133,USA,English,Gareth Edwards,"Chris Weitz, Tony Gilroy",Lucasfilm,"Felicity Jones, Diego Luna, Alan Tudyk, Donnie Yen, Wen Jiang, Ben Mendelsohn, Guy Henry, Forest Whitaker, Riz Ahmed, Mads Mikkelsen, Jimmy Smits, Alistair Petrie, Genevieve O'Reilly, Ben Daniels, Paul Kasey",The daughter of an Imperial scientist joins the Rebel Alliance in a risky move to steal the plans for the Death Star.,7.8,538641,"$200,000,000 ","$532,177,324 ","$1,056,057,720 ",65,1781,715
4,Scream 2,1997,Marco Beltrami,0:40:07,2,5,,tt0120082,Scream 2,1997,9/10/98,"Horror, Mystery",120,USA,English,Wes Craven,"Kevin Williamson, Kevin Williamson",Dimension Films,"Jada Pinkett Smith, Omar Epps, Paulette Patterson, Rasila Schroeder, Heather Graham, Roger Jackson, Peter Deming, Molly Gross, Rebecca McFarland, Neve Campbell, Elise Neal, Liev Schreiber, Kevin Williamson, Sandy Heddings, Dave Allen Clark","Two years after the first series of murders, as Sidney acclimates to college life, someone donning the Ghostface costume begins a new string of killings.",6.2,153698,"$24,000,000 ","$101,363,301 ","$172,363,301 ",63,523,210
35,Shrek,2001,Harry Gregson-Williams,0:41:30,,"2, 3a",3,tt0126029,Shrek,2001,6/15/01,"Animation, Adventure, Comedy",90,USA,English,"Andrew Adamson, Vicky Jenson","William Steig, Ted Elliott",DreamWorks Animation,"Mike Myers, Eddie Murphy, Cameron Diaz, John Lithgow, Vincent Cassel, Peter Dennis, Clive Pearse, Jim Cummings, Bobby Block, Chris Miller, Cody Cameron, Kathleen Freeman, Michael Galasso, Christopher Knights, Simon J. Smith","A mean lord exiles fairytale creatures to the swamp of a grumpy ogre, who must go on a quest and rescue a princess for the lord in order to get his land back.",7.8,600116,"$60,000,000 ","$267,665,011 ","$487,769,799 ",84,1071,168
36,Shrek,2001,John Powell,0:41:30,,"2, 3a",3,tt0126029,Shrek,2001,6/15/01,"Animation, Adventure, Comedy",90,USA,English,"Andrew Adamson, Vicky Jenson","William Steig, Ted Elliott",DreamWorks Animation,"Mike Myers, Eddie Murphy, Cameron Diaz, John Lithgow, Vincent Cassel, Peter Dennis, Clive Pearse, Jim Cummings, Bobby Block, Chris Miller, Cody Cameron, Kathleen Freeman, Michael Galasso, Christopher Knights, Simon J. Smith","A mean lord exiles fairytale creatures to the swamp of a grumpy ogre, who must go on a quest and rescue a princess for the lord in order to get his land back.",7.8,600116,"$60,000,000 ","$267,665,011 ","$487,769,799 ",84,1071,168
44,Signs,2002,James Newton Howard,1:06:31,3,5,,tt0286106,Signs,2002,10/17/02,"Drama, Mystery, Sci-Fi",106,USA,"English, Portuguese",M. Night Shyamalan,M. Night Shyamalan,Touchstone Pictures,"Mel Gibson, Joaquin Phoenix, Rory Culkin, Abigail Breslin, Cherry Jones, M. Night Shyamalan, Patricia Kalember, Ted Sutton, Merritt Wever, Lanny Flaherty, Marion McCorry, Michael Showalter, Kevin Pires, Clifford David, Rhonda Overby",A family living on a farm finds mysterious crop circles in their fields which suggests something more frightening to come.,6.7,331801,"$72,000,000 ","$227,966,634 ","$408,247,917 ",59,2417,227
49,Sleeping Beauty,1959,"Jack Lawrence, Sammy Fain",0:30:00,2b,3a,,tt0053285,La bella addormentata nel bosco,1959,12/1/59,"Animation, Family, Fantasy",75,USA,English,"Clyde Geronimi, Les Clark","Erdman Penner, Charles Perrault",Walt Disney Animation Studios,"Mary Costa, Bill Shirley, Eleanor Audley, Verna Felton, Barbara Luddy, Barbara Jo Allen, Taylor Holmes, Bill Thompson","After being snubbed by the royal family, a malevolent fairy places a curse on a princess which only a prince can break, along with the help of three good fairies.",7.2,132245,"$6,000,000 ","$51,600,000 ","$51,600,000 ",85,193,109
21,Star Trek Beyond,2016,Michael Giacchino,1:28:08,3,5,,tt2660888,Star Trek: Beyond,2016,7/21/16,"Action, Adventure, Sci-Fi",122,"USA, China, United Arab Emirates, Canada",English,Justin Lin,"Simon Pegg, Doug Jung",Paramount Pictures,"Chris Pine, Zachary Quinto, Karl Urban, Zoe Saldana, Simon Pegg, John Cho, Anton Yelchin, Idris Elba, Sofia Boutella, Joe Taslim, Lydia Wilson, Deep Roy, Melissa Roxburgh, Anita Brown, Doug Jung","The crew of the USS Enterprise explores the furthest reaches of uncharted space, where they encounter a new ruthless enemy, who puts them, and everything the Federation stands for, to the test.",7.1,223293,"$185,000,000 ","$158,848,340 ","$343,471,816 ",68,833,480
22,Superstition,1982,David Gibney,0:04:05,1,6,,tt0084739,La casa di Mary,1982,3/12/82,Horror,85,"Canada, USA",English,James W. Roberson,"Galen Thompson, Michael O. Sajbel",Carolco Entertainment,"James Houghton, Albert Salmi, Lynn Carlin, Larry Pennell, Jacquelyn Hyde, Robert Symonds, Heidi Bohay, Maylo McCaslin, Carole Goldman, Stacy Keach Sr., Kim Marie, Billy Jayne, Johnny Doran, Bennett Liss, Joshua Cadman",A witch put to death in 1692 swears vengeance on her persecutors and returns to the present day to punish their descendants.,5.8,2492,,,,,71,59
87,Team America: World Police,2004,Harry Gregson-Williams,1:06:00,2,6,,tt0372588,Team America,2004,5/13/05,"Action, Comedy",98,"USA, Germany","English, French, Klingon, Korean, Arabic",Trey Parker,"Trey Parker, Matt Stone",Paramount Pictures,"Trey Parker, Matt Stone, Kristen Miller, Masasa Moyo, Daran Norris, Phil Hendrie, Maurice LaMarche, Chelsea Marguerite, Jeremy Shada, Fred Tatasciore","Popular Broadway actor Gary Johnston is recruited by the elite counter-terrorism organization Team America: World Police. As the world begins to crumble around him, he must battle with terrorists, celebrities and falling in love.",7.2,157558,"$32,000,000 ","$32,786,074 ","$50,826,898 ",64,721,230
2,Terminator Genisys,2015,Lorne Balfe,1:27:03,3b,5,,tt1340138,Terminator Genisys,2015,7/9/15,"Action, Adventure, Sci-Fi",126,"USA, Canada",English,Alan Taylor,"Laeta Kalogridis, Patrick Lussier",Paramount Pictures,"Arnold Schwarzenegger, Jason Clarke, Emilia Clarke, Jai Courtney, J.K. Simmons, Dayo Okeniyi, Matt Smith, Courtney B. Vance, Byung-hun Lee, Michael Gladis, Sandrine Holt, Wayne Bastrup, Gregory Alan Williams, Otto Sanchez, Matty Ferraro","When John Connor, leader of the human resistance, sends Sgt. Kyle Reese back to 1984 to protect Sarah Connor and safeguard the future, an unexpected turn of events creates a fractured timeline.",6.3,254807,"$155,000,000 ","$89,760,956 ","$440,603,537 ",38,1062,517
15,Terminator Salvation,2009,Danny Elfman,0:59:42,3,5,,tt0438488,Terminator Salvation,2009,6/5/09,"Action, Adventure, Sci-Fi",115,"USA, Germany, UK, Italy","English, Italian",McG,"John Brancato, Michael Ferris",The Halcyon Company,"Christian Bale, Sam Worthington, Moon Bloodgood, Helena Bonham Carter, Anton Yelchin, Jadagrace, Bryce Dallas Howard, Common, Jane Alexander, Michael Ironside, Ivan G'Vera, Chris Browning, Dorian Nkono, Beth Bailey, Victor J. Ho","In 2018, a mysterious new weapon in the war against the machines, half-human and half-machine, comes to John Connor on the eve of a resistance attack on Skynet. But whose side is he on, and can he be trusted?",6.5,339181,"$200,000,000 ","$125,322,469 ","$371,353,001 ",49,1095,436
1,The Bone Collector,1999,Craig Armstrong,1:48:59,3b,2,,tt0145681,Il collezionista di ossa,1999,3/3/00,"Crime, Drama, Mystery",118,"USA, Canada",English,Phillip Noyce,"Jeffery Deaver, Jeremy Iacone",Columbia Pictures,"Denzel Washington, Angelina Jolie, Queen Latifah, Michael Rooker, Michael McGlone, Luis Guzmán, Leland Orser, John Benjamin Hickey, Bobby Cannavale, Ed O'Neill, Richard Zeman, Olivia Birkelund, Gary Swanson, James Bulleit, Frank Fontaine",A quadriplegic ex-homicide detective and his partner try to track down a serial killer who is terrorizing New York City.,6.7,151519,"$73,000,000 ","$66,518,655 ","$151,493,655 ",45,425,77
45,The Bourne Legacy,2012,James Newton Howard,0:01:15,3,6,,tt1194173,The Bourne Legacy,2012,9/7/12,"Action, Adventure, Thriller",135,"USA, Japan","English, Russian, Filipino, Ukrainian",Tony Gilroy,"Tony Gilroy, Dan Gilroy",Universal Pictures,"Jeremy Renner, Scott Glenn, Stacy Keach, Edward Norton, Donna Murphy, Michael Chernus, Corey Stoll, Alice Gainer, Prue Lewarne, Howard Leader, James Joseph O'Neil, Rachel Weisz, Tony Guida, Sonnie Brown, Neil Brooks Cunningham","An expansion of the universe from Robert Ludlum's novels, centered on a new hero whose stakes have been triggered by the events of the previous three films.",6.7,280665,"$125,000,000 ","$113,203,870 ","$276,144,750 ",61,563,454
73,The Bucket List,2007,Marc Shaiman,0:06:23,2b,6,,tt0825232,Non è mai troppo tardi,2007,1/25/08,"Comedy, Drama",97,USA,English,Rob Reiner,Justin Zackham,Warner Bros.,"Jack Nicholson, Morgan Freeman, Sean Hayes, Beverly Todd, Rob Morrow, Alfonso Freeman, Rowena King, Annton Berry Jr., Verda Bridges, Destiny Brownridge, Brian Copeland, Ian Anthony Dale, Jennifer Defrancisco, Angela Gardner, Noel Gugliemi",Two terminally ill men escape from a cancer ward and head off on a road trip with a wish list of to-dos before they die.,7.4,226825,"$45,000,000 ","$93,466,502 ","$175,372,502 ",42,368,203
71,The Car,1977,Leonard Rosenman,0:00:17,1,3b,,tt0075809,La macchina nera,1977,1/19/78,"Action, Horror, Mystery",96,USA,English,Elliot Silverstein,"Dennis Shryack, Michael Butler",Universal Pictures,"James Brolin, Kathleen Lloyd, John Marley, R.G. Armstrong, John Rubinstein, Elizabeth Thompson, Roy Jenson, Kim Richards, Kyle Richards, Kate Murtagh, Robert Phillips, Doris Dowling, Henry O'Brien, Eddie Little Sky, Lee McLaughlin","A small desert town is terrorized by a powerful, seemingly possessed car, and the local sheriff may be the only one who can stop it.",6.2,8981,,,,,150,152
95,The Lion King,1994,Hans Zimmer,,2,"1, 3a",:07,tt0110357,The Lion King,1994,11/25/94,"Animation, Adventure, Drama",88,USA,"English, Swahili, Xhosa, Zulu","Roger Allers, Rob Minkoff","Irene Mecchi, Jonathan Roberts",Walt Disney Pictures,"Rowan Atkinson, Matthew Broderick, Niketa Calame-Harris, Jim Cummings, Whoopi Goldberg, Robert Guillaume, Jeremy Irons, James Earl Jones, Moira Kelly, Nathan Lane, Zoe Leader, Cheech Marin, Ernie Sabella, Madge Sinclair, Jonathan Taylor Thomas","Lion prince Simba and his father are targeted by his bitter uncle, who wants to ascend the throne himself.",8.5,917248,"$45,000,000 ","$422,783,777 ","$968,511,805 ",88,1028,228
8,The Matrix Reloaded,2003,Don Davis,1:12:12,,2,3b,tt0234215,Matrix Reloaded,2003,5/23/03,"Action, Sci-Fi",138,USA,"English, French","Lana Wachowski, Lilly Wachowski","Lilly Wachowski, Lana Wachowski",Warner Bros.,"Ray Anthony, Christine Anu, Andy Arness, Alima Ashton-Sheibu, Helmut Bakaitis, Steve Bastoni, Don Battee, Monica Bellucci, Daniel Bernhardt, Valerie Berry, Ian Bliss, Liliana Bogatko, Michael Budd, Stoney Burke, Kelly Butler","Neo and his allies race against time before the machines discover the city of Zion and destroy it. While seeking the truth about the Matrix, Neo must save Trinity from a dark fate within his dreams.",7.2,506036,"$150,000,000 ","$281,576,461 ","$741,847,890 ",62,2788,288
27,The Mephisto Waltz,1971,Jerry Goldsmith,0:00:31,1,3b,,tt0067419,La macchia della morte,1971,6/11/71,"Horror, Mystery, Thriller",115,USA,"English, French",Paul Wendkos,"Ben Maddow, Fred Mustard Stewart",Quinn Martin Productions (QM),"Alan Alda, Jacqueline Bisset, Barbara Parkins, Bradford Dillman, William Windom, Kathleen Widdoes, Pamelyn Ferdin, Curd Jürgens, Curt Lowens, Gregory Morton, Janee Michelle, Lilyan Chauvin, Khigh Dhiegh, Alberto Morin, Berry Kroeger","An old, dying satanist arranges to transfer his soul into the body of a young concert pianist.",6.1,2244,,,,,48,40
64,The Mission,1986,Ennio Morricone,32:56:00,1,1,:10,tt0091530,Mission,1986,10/10/86,"Adventure, Drama, History",125,"UK, France","English, Guarani, Spanish, Latin",Roland Joffé,Robert Bolt,Warner Bros.,"Robert De Niro, Jeremy Irons, Ray McAnally, Aidan Quinn, Cherie Lunghi, Ronald Pickup, Chuck Low, Liam Neeson, Bercelio Moya, Sigifredo Ismare, Asuncion Ontiveros, Alejandrino Moya, Daniel Berrigan, Rolf Gray, Álvaro Guerrero",Eighteenth-century Spanish Jesuits try to protect a remote South American tribe in danger of falling under the rule of pro-slavery Portugal.,7.4,54785,"$24,500,000 ","$17,218,023 ","$17,502,499 ",55,219,65
13,The Nightmare Before Christmas,1993,Danny Elfman,,3,"1, 3a",:37,tt0107688,Nightmare Before Christmas,1993,12/5/94,"Animation, Family, Fantasy",76,USA,English,Henry Selick,"Tim Burton, Michael McDowell",Touchstone Pictures,"Danny Elfman, Chris Sarandon, Catherine O'Hara, William Hickey, Glenn Shadix, Paul Reubens, Ken Page, Edward Ivory, Susan McBride, Debi Durst, Greg Proops, Kerry Katz, Randy Crenshaw, Sherwood Ball, Carmen Twillie","Jack Skellington, king of Halloween Town, discovers Christmas Town, but his attempts to bring Christmas to his home causes confusion.",8,285261,"$18,000,000 ","$75,082,668 ","$89,140,058 ",82,527,238
28,The Omen,1976,Jerry Goldsmith,,3,"1, 3b",:29,tt0075005,Il presagio,1976,9/30/76,Horror,111,"UK, USA","English, Latin, Italian",Richard Donner,David Seltzer,Twentieth Century Fox,"Gregory Peck, Lee Remick, David Warner, Billie Whitelaw, Harvey Stephens, Patrick Troughton, Martin Benson, Robert Rietty, Tommy Duggan, John Stride, Anthony Nicholls, Holly Palance, Roy Boyd, Freda Dowie, Sheila Raynor",Mysterious deaths surround an American ambassador. Could the child that he is raising actually be the Antichrist? The Devil's own son?,7.5,104815,"$2,800,000 ","$60,922,980 ","$60,922,980 ",62,362,190
97,The Ring,2002,Hans Zimmer,0:21:45,1,1,:15,tt0298130,The Ring,2002,2/21/03,"Horror, Mystery",115,USA,English,Gore Verbinski,"Ehren Kruger, Kôji Suzuki",DreamWorks,"Naomi Watts, Martin Henderson, David Dorfman, Brian Cox, Jane Alexander, Lindsay Frost, Amber Tamblyn, Rachael Bella, Daveigh Chase, Shannon Cochran, Sandra Thigpen, Richard Lineback, Sasha Barrese, Tess Hall, Adam Brody",A journalist must investigate a mysterious videotape which seems to cause the death of anyone one week to the day after they view it.,7.1,315069,"$48,000,000 ","$129,128,133 ","$249,348,933 ",57,1671,272
101,The Road to El Dorado,2000,Hans Zimmer,0:08:23,1,3a,,tt0138749,La strada per El Dorado,2000,10/13/00,"Animation, Adventure, Comedy",89,USA,English,"Bibo Bergeron, Don Paul","Terry Rossio, Ted Elliott",DreamWorks Animation,"Kevin Kline, Kenneth Branagh, Rosie Perez, Armand Assante, Edward James Olmos, Jim Cummings, Frank Welker, Tobin Bell, Duncan Marjoribanks, Elijah Chiang, Cyrus Shaki-Khan, Elton John","Two swindlers get their hands on a map to the fabled city of gold, El Dorado.",6.9,82217,"$95,000,000 ","$50,863,742 ","$76,432,727 ",51,163,77
102,The Road to El Dorado,2000,John Powell,0:08:23,1,3a,,tt0138749,La strada per El Dorado,2000,10/13/00,"Animation, Adventure, Comedy",89,USA,English,"Bibo Bergeron, Don Paul","Terry Rossio, Ted Elliott",DreamWorks Animation,"Kevin Kline, Kenneth Branagh, Rosie Perez, Armand Assante, Edward James Olmos, Jim Cummings, Frank Welker, Tobin Bell, Duncan Marjoribanks, Elijah Chiang, Cyrus Shaki-Khan, Elton John","Two swindlers get their hands on a map to the fabled city of gold, El Dorado.",6.9,82217,"$95,000,000 ","$50,863,742 ","$76,432,727 ",51,163,77
77,The Rock,1996,Hans Zimmer,0:20:26,1,4,,tt0117500,The Rock,1996,8/30/96,"Action, Adventure, Thriller",136,USA,English,Michael Bay,"David Weisberg, Douglas Cook",Hollywood Pictures,"Sean Connery, Nicolas Cage, Ed Harris, John Spencer, David Morse, William Forsythe, Michael Biehn, Vanessa Marcil, John C. McGinley, Gregory Sporleder, Tony Todd, Bokeem Woodbine, Jim Maniaci, Greg Collins, Brendan Kelly","A mild-mannered chemist and an ex-con must lead the counterstrike when a rogue group of military men, led by a renegade general, threaten a nerve gas attack from Alcatraz against San Francisco.",7.4,307112,"$75,000,000 ","$134,069,511 ","$335,062,621 ",58,470,129
5,The Shining,1980,Wendy Carlos,,1,"1, 3b",1:19,tt0081505,Shining,1980,12/22/80,"Drama, Horror",146,"UK, USA",English,Stanley Kubrick,"Stephen King, Stanley Kubrick",Warner Bros.,"Jack Nicholson, Shelley Duvall, Danny Lloyd, Scatman Crothers, Barry Nelson, Philip Stone, Joe Turkel, Anne Jackson, Tony Burton, Lia Beldam, Billie Gibson, Barry Dennen, David Baxt, Manning Redwood, Lisa Burns","A family heads to an isolated hotel for the winter where a sinister presence influences the father into violence, while his psychic son sees horrific forebodings from both past and future.",8.4,869480,"$19,000,000 ","$45,332,952 ","$46,520,613 ",66,1847,360
43,The Sixth Sense,1999,James Newton Howard,0:15:40,2,4,,tt0167404,The Sixth Sense - Il sesto senso,1999,10/29/99,"Drama, Mystery, Thriller",107,USA,"English, Latin, Spanish",M. Night Shyamalan,M. Night Shyamalan,Hollywood Pictures,"Bruce Willis, Haley Joel Osment, Toni Collette, Olivia Williams, Trevor Morgan, Donnie Wahlberg, Peter Anthony Tambakis, Jeffrey Zubernis, Bruce Norris, Glenn Fitzgerald, Greg Wood, Mischa Barton, Angelica Page, Lisa Summerour, Firdous Bamji",A boy who communicates with spirits seeks the help of a disheartened child psychologist.,8.1,894385,"$40,000,000 ","$293,506,292 ","$672,806,292 ",64,2233,265
66,The Witches,1990,Stanley Myers,0:28:00,1,5,,tt0100944,Chi ha paura delle streghe?,1990,8/25/90,"Adventure, Comedy, Family",91,"UK, USA",English,Nicolas Roeg,"Roald Dahl, Allan Scott",Lorimar Film Entertainment,"Anjelica Huston, Mai Zetterling, Jasen Fisher, Rowan Atkinson, Bill Paterson, Brenda Blethyn, Charlie Potter, Anne Lambton, Jane Horrocks, Sukie Smith, Rose English, Jenny Runacre, Annabel Brooks, Emma Relph, Nora Connolly","A young boy stumbles onto a witch convention and must stop them, even after he has been turned into a mouse.",6.8,36147,,"$10,360,553 ","$10,360,553 ",,109,61
11,Thor,2011,Patrick Doyle,0:57:31,1,,,tt0800369,Thor,2011,4/27/11,"Action, Adventure, Fantasy",115,USA,English,Kenneth Branagh,"Ashley Miller, Zack Stentz",Paramount Pictures,"Chris Hemsworth, Natalie Portman, Tom Hiddleston, Anthony Hopkins, Stellan Skarsgård, Kat Dennings, Clark Gregg, Colm Feore, Idris Elba, Ray Stevenson, Tadanobu Asano, Josh Dallas, Jaimie Alexander, Rene Russo, Adriana Barraza","The powerful but arrogant god Thor is cast out of Asgard to live amongst humans in Midgard (Earth), where he soon becomes one of their finest defenders.",7,731043,"$150,000,000 ","$181,030,624 ","$449,326,618 ",57,917,563
67,Toy Story 4,2019,Randy Newman,1:15:20,,"2, 3a",3b,tt1979376,Toy Story 4,2019,6/26/19,"Animation, Adventure, Comedy",100,USA,English,Josh Cooley,"John Lasseter, Andrew Stanton",Pixar Animation Studios,"Tom Hanks, Tim Allen, Annie Potts, Tony Hale, Keegan-Michael Key, Madeleine McGraw, Christina Hendricks, Jordan Peele, Keanu Reeves, Ally Maki, Jay Hernandez, Lori Alan, Joan Cusack, Bonnie Hunt, Kristen Schaal","When a new toy called ""Forky"" joins Woody and the gang, a road trip alongside old and new friends reveals how big the world can be for a toy.",7.8,189129,"$200,000,000 ","$434,038,008 ","$1,073,394,593 ",84,1287,382
47,Transformers: Revenge of the Fallen,2009,Steve Jablonsky,1:43:52,3b,6,,tt1055369,Transformers - La vendetta del caduto,2009,6/26/09,"Action, Adventure, Sci-Fi",149,USA,"English, Spanish",Michael Bay,"Ehren Kruger, Roberto Orci",DreamWorks,"Shia LaBeouf, Megan Fox, Josh Duhamel, Tyrese Gibson, John Turturro, Ramon Rodriguez, Kevin Dunn, Julie White, Isabel Lucas, John Benjamin Hickey, Matthew Marsden, Andrew Howard, Michael Papajohn, Glenn Morshower, John Eric Bentley","Sam Witwicky leaves the Autobots behind for a normal life. But when his mind is filled with cryptic symbols, the Decepticons target him and he is dragged back into the Transformers' war.",6,379328,"$200,000,000 ","$402,111,870 ","$836,303,693 ",35,1500,376
93,Urban Legend,1998,Christopher Young,1:18:37,3,4,,tt0146336,Urban Legend,1998,1/29/99,"Horror, Mystery, Thriller",99,"USA, Canada",English,Jamie Blanks,Silvio Horta,Phoenix Pictures,"Jared Leto, Alicia Witt, Rebecca Gayheart, Michael Rosenbaum, Loretta Devine, Joshua Jackson, Tara Reid, John Neville, Julian Richings, Robert Englund, Danielle Harris, Natasha Gregson Wagner, Gord Martineau, Kay Hawtrey, Angela Vint",A college student suspects a series of bizarre deaths are connected to certain urban legends.,5.6,58580,"$14,000,000 ","$38,072,438 ","$72,527,595 ",35,444,126
91,War of the Worlds,2005,John Williams,0:49:49,,2,3b/2,tt0407304,La guerra dei mondi,2005,6/29/05,"Adventure, Sci-Fi, Thriller",116,USA,English,Steven Spielberg,"Josh Friedman, David Koepp",Paramount Pictures,"Tom Cruise, Dakota Fanning, Miranda Otto, Justin Chatwin, Tim Robbins, Rick Gonzalez, Yul Vazquez, Lenny Venito, Lisa Ann Walter, Ann Robinson, Gene Barry, David Alan Basche, Roz Abrams, Michael Brownlee, Camillia Monet","As Earth is invaded by alien tripod fighting machines, one family fights for survival in this sci-fi action film.",6.5,409066,"$132,000,000 ","$234,280,354 ","$603,873,119 ",73,2847,402